Province,Vestas,GE,Siemens,Enercon,Senvion,Other
AB,0.670731707,0.211382114,0.020325203,0.072154472,0,0.025406504
BC,0.623287671,0.20890411,0,0.130136986,0.034246575,0.003424658
MB,0.54887218,0,0.45112782,0,0,0
NS,0.13592233,0.242718447,0,0.394822006,0,0.226537217
ON,0.160370085,0.308789514,0.434849653,0.068234387,0.023130301,0.00462606
QC,0.064160401,0.290726817,0.023057644,0.268170426,0.287719298,0.066165414
SK,0.862745098,0,0.065359477,0.071895425,0,0
